id,first_name,last_name,email,gender,salary
1,Salim,Tunmore,stunmore0@topsy.com,Male,3744
2,Hoebart,Fairpo,hfairpo1@skype.com,Male,2107
3,Dean,Dunbobin,ddunbobin2@dmoz.org,Male,3392
4,Genevieve,Bedin,gbedin3@phoca.cz,Female,4320
5,Ravi,Shoebottom,rshoebottom4@symantec.com,Male,2990
6,Carver,Limrick,climrick5@about.me,Male,2804
7,Philis,Tremathack,ptremathack6@about.com,Female,3538
8,Henrik,Belleny,hbelleny7@globo.com,Male,3175
9,Kristoforo,Knok,kknok8@diigo.com,Genderfluid,3164
10,Mic,Hillaby,mhillaby9@dagondesign.com,Male,4545
11,Olenka,Glancey,oglanceya@psu.edu,Genderfluid,4912
12,Kerrin,Bilham,kbilhamb@alexa.com,Female,4637
13,Lark,Custard,lcustardc@irs.gov,Female,3334
14,Jammal,Hynes,jhynesd@dedecms.com,Male,2566
15,Jeromy,Phillps,jphillpse@mac.com,Male,4537
16,Suzi,Woolaston,swoolastonf@woothemes.com,Female,2142
17,Ody,Learned,olearnedg@answers.com,Male,3333
18,Fransisco,Aird,fairdh@devhub.com,Male,2143
19,Dewain,Ranson,dransoni@ihg.com,Male,4165
20,Janice,State,jstatej@marriott.com,Female,3531
21,Sibley,McIndrew,smcindrewk@seesaa.net,Female,3484
22,Freeland,Klawi,fklawil@nbcnews.com,Male,4530
23,Briney,Tennison,btennisonm@furl.net,Female,4831
24,Temp,Simner,tsimnern@diigo.com,Male,4691
25,Maia,Murrigan,mmurrigano@addtoany.com,Female,4128
26,Kaspar,Burditt,kburdittp@icio.us,Male,2185
27,Karlik,Herculson,kherculsonq@edublogs.org,Male,3603
28,Meaghan,Brandle,mbrandler@oracle.com,Female,2518
29,Abbe,Whittington,awhittingtons@wufoo.com,Male,2997
30,Pam,Coon,pcoont@godaddy.com,Female,2360
31,Sammy,Harbison,sharbisonu@who.int,Male,4322
32,Claribel,Lawn,clawnv@so-net.ne.jp,Female,4076
33,Channa,Benini,cbeniniw@oakley.com,Female,4878
34,Duke,Bugge,dbuggex@domainmarket.com,Male,3642
35,Nero,Tregidga,ntregidgay@blogger.com,Male,3052
36,Allys,Syce,asycez@icq.com,Female,2194
37,Wilek,Gallafant,wgallafant10@nba.com,Male,2035
38,Alyson,Loughney,aloughney11@bravesites.com,Female,4700
39,Lambert,Moger,lmoger12@usa.gov,Male,3383
40,Lisle,Claworth,lclaworth13@gmpg.org,Male,4700
41,Liz,Stenners,lstenners14@posterous.com,Female,3412
42,Monte,Endrici,mendrici15@posterous.com,Male,3368
43,Beale,Leehane,bleehane16@springer.com,Male,4677
44,Lauralee,Aynscombe,laynscombe17@cnet.com,Female,2641
45,Gage,De Bruijne,gdebruijne18@abc.net.au,Male,3334
46,Raychel,Brahmer,rbrahmer19@virginia.edu,Female,3687
47,Giusto,Mogford,gmogford1a@tinyurl.com,Male,4062
48,Elga,Klimuk,eklimuk1b@simplemachines.org,Female,3795
49,Miranda,Dashkovich,mdashkovich1c@360.cn,Female,4109
50,Tomas,Harragin,tharragin1d@wikipedia.org,Male,2949
51,Winnah,Izakovitz,wizakovitz1e@linkedin.com,Female,2721
52,Jean,Fahrenbacher,jfahrenbacher1f@tuttocitta.it,Male,4207
53,Chicky,Aked,caked1g@nydailynews.com,Male,4779
54,Celene,Setter,csetter1h@samsung.com,Female,4493
55,Theresita,Hannond,thannond1i@seesaa.net,Female,3104
56,Berri,Sayton,bsayton1j@istockphoto.com,Female,3383
57,Celestina,Leggan,cleggan1k@psu.edu,Female,4582
58,Greer,Zanni,gzanni1l@studiopress.com,Female,4723
59,Renaud,Stille,rstille1m@devhub.com,Male,3069
60,Lyon,Lindsey,llindsey1n@canalblog.com,Male,2321
61,Gisela,Parysowna,gparysowna1o@yandex.ru,Female,2244
62,Giselle,Geare,ggeare1p@netvibes.com,Female,4598
63,Mill,O'Carran,mocarran1q@zdnet.com,Male,3669
64,Josephine,Antunez,jantunez1r@auda.org.au,Female,3059
65,Dannye,Iorizzi,diorizzi1s@gizmodo.com,Female,2714
66,Elinor,Jerdan,ejerdan1t@nhs.uk,Female,2780
67,Anallese,Parsley,aparsley1u@ifeng.com,Female,2396
68,Myrlene,Piggens,mpiggens1v@woothemes.com,Female,2660
69,Hedy,Stigger,hstigger1w@accuweather.com,Female,4449
70,Jerrylee,Perrins,jperrins1x@netscape.com,Female,4472
71,Isidor,Immings,iimmings1y@wikipedia.org,Male,3586
72,Lanae,Astley,lastley1z@mozilla.org,Female,3635
73,Bliss,Studeart,bstudeart20@businessinsider.com,Female,4872
74,Edmon,MacManus,emacmanus21@php.net,Male,2066
75,Johan,MacAscaidh,jmacascaidh22@zimbio.com,Male,4784
76,Julie,Columbell,jcolumbell23@tamu.edu,Male,2202
77,Otha,Fitzjohn,ofitzjohn24@hatena.ne.jp,Polygender,2726
78,Dru,Arlett,darlett25@posterous.com,Female,3479
79,Brade,Roullier,broullier26@un.org,Male,2851
80,Lorry,Brookzie,lbrookzie27@macromedia.com,Male,3141
81,Bruce,Kubalek,bkubalek28@desdev.cn,Male,4924
82,Sholom,Bourgour,sbourgour29@studiopress.com,Male,3819
83,Katie,Haspineall,khaspineall2a@soup.io,Genderqueer,3262
84,Danica,Quarrell,dquarrell2b@berkeley.edu,Polygender,2894
85,Marissa,Cool,mcool2c@symantec.com,Female,3457
86,Kati,Klambt,kklambt2d@hud.gov,Female,2364
87,Georgie,Grayling,ggrayling2e@t-online.de,Male,4231
88,Dugald,Alderwick,dalderwick2f@fda.gov,Male,3226
89,Holt,Edelman,hedelman2g@google.com.br,Male,4885
90,Calida,Daice,cdaice2h@reddit.com,Female,3746
91,Lemar,Stollhofer,lstollhofer2i@psu.edu,Male,4543
92,Leland,Garber,lgarber2j@shinystat.com,Female,3286
93,George,Vispo,gvispo2k@fastcompany.com,Male,3391
94,Glenden,Sirmond,gsirmond2l@hatena.ne.jp,Male,4314
95,Laural,Durdy,ldurdy2m@photobucket.com,Female,3638
96,Frannie,Odlin,fodlin2n@adobe.com,Genderfluid,2088
97,Kimble,Bwye,kbwye2o@wp.com,Male,3531
98,Ellene,Kliemann,ekliemann2p@arizona.edu,Female,4766
99,Jsandye,Ricca,jricca2q@ycombinator.com,Female,2338
100,Darwin,Blacker,dblacker2r@yellowpages.com,Male,3185
101,Evelina,Sands,esands2s@disqus.com,Female,3175
102,Fowler,Dodds,fdodds2t@multiply.com,Male,4230
103,Morgen,Vassbender,mvassbender2u@abc.net.au,Female,3445
104,Magdaia,Pendre,mpendre2v@jalbum.net,Female,4915
105,Nichole,Cayser,ncayser2w@weather.com,Male,2535
106,Joshua,Craxford,jcraxford2x@dailymotion.com,Male,2986
107,Allina,Ucchino,aucchino2y@youtube.com,Female,4764
108,Donall,Ranstead,dranstead2z@acquirethisname.com,Male,3047
109,Faunie,Newis,fnewis30@dropbox.com,Female,4268
110,Alexandre,Whales,awhales31@prweb.com,Male,3090
111,Ailsun,Jachtym,ajachtym32@360.cn,Non-binary,2048
112,Frans,Simonassi,fsimonassi33@ycombinator.com,Male,3003
113,Abrahan,Phaup,aphaup34@ucla.edu,Male,2382
114,Dorian,McKeveney,dmckeveney35@yellowbook.com,Male,2852
115,Jody,Churchouse,jchurchouse36@tamu.edu,Female,3105
116,Beniamino,Gammack,bgammack37@nydailynews.com,Male,2778
117,Meridel,Leel,mleel38@icio.us,Female,2859
118,Galven,Heimes,gheimes39@guardian.co.uk,Male,2378
119,Ebonee,Cranston,ecranston3a@uol.com.br,Female,4504
120,Trey,Melsome,tmelsome3b@sakura.ne.jp,Male,2862
121,Land,Burth,lburth3c@oakley.com,Male,4040
122,Marion,Fitzsimon,mfitzsimon3d@storify.com,Female,3696
123,Dale,Jopp,djopp3e@yahoo.com,Male,2810
124,Erica,Walford,ewalford3f@icio.us,Female,3961
125,Brynna,Beelby,bbeelby3g@over-blog.com,Female,2494
126,Olin,Grace,ograce3h@china.com.cn,Male,3468
127,Jedd,Giannazzi,jgiannazzi3i@uol.com.br,Male,2920
128,Geordie,Lissandre,glissandre3j@usnews.com,Male,3920
129,Lezley,Scough,lscough3k@behance.net,Male,3241
130,Uriel,Roubottom,uroubottom3l@tripod.com,Male,3060
131,Wenona,Gligorijevic,wgligorijevic3m@webmd.com,Agender,4952
132,Carleen,McGlade,cmcglade3n@ning.com,Female,3565
133,Guglielmo,Renihan,grenihan3o@tumblr.com,Male,2082
134,Ingamar,Carter,icarter3p@comsenz.com,Male,2822
135,Hammad,Farquhar,hfarquhar3q@harvard.edu,Male,3013
136,Virginia,Bascombe,vbascombe3r@amazon.de,Female,2303
137,Holly,Wetton,hwetton3s@is.gd,Male,2161
138,Silvain,Ruddom,sruddom3t@chicagotribune.com,Male,3993
139,Burch,Sea,bsea3u@shareasale.com,Male,4309
140,Cyndi,Gartan,cgartan3v@w3.org,Female,4717
141,Engelbert,Hugnin,ehugnin3w@netvibes.com,Male,4519
142,Evie,Jenteau,ejenteau3x@4shared.com,Female,2208
143,Adriano,Schleicher,aschleicher3y@psu.edu,Male,2294
144,Wynn,Kilroy,wkilroy3z@livejournal.com,Male,3750
145,Howie,Faulkener,hfaulkener40@123-reg.co.uk,Male,2411
146,Victor,Shailer,vshailer41@cbslocal.com,Male,3845
147,Emogene,Dumbrell,edumbrell42@freewebs.com,Genderqueer,2329
148,Harlin,McCumesky,hmccumesky43@examiner.com,Male,2811
149,Freemon,Singers,fsingers44@ftc.gov,Male,4459
150,Jere,Giannassi,jgiannassi45@constantcontact.com,Agender,4964
151,Caresa,Messruther,cmessruther46@skype.com,Female,3913
152,Briny,Scipsey,bscipsey47@ebay.co.uk,Female,2842
153,Sutherlan,Jacquemy,sjacquemy48@howstuffworks.com,Male,4895
154,Danyelle,Spinas,dspinas49@hhs.gov,Female,2741
155,Roobbie,Tolworthy,rtolworthy4a@smugmug.com,Female,4963
156,Tremain,Atheis,tatheis4b@imgur.com,Male,4888
157,Lidia,Daye,ldaye4c@ox.ac.uk,Female,2386
158,Tammie,Tonbridge,ttonbridge4d@bloomberg.com,Female,4079
159,Penelopa,Marven,pmarven4e@hatena.ne.jp,Female,2125
160,Amber,Aronoff,aaronoff4f@scientificamerican.com,Female,3117
161,Stephine,Starking,sstarking4g@marriott.com,Female,4119
162,Jacinta,Huxton,jhuxton4h@phoca.cz,Female,4330
163,Bink,Ashington,bashington4i@smugmug.com,Male,2022
164,Claudian,Lints,clints4j@skyrock.com,Male,3767
165,Letizia,Lillo,llillo4k@msn.com,Female,4521
166,Cecil,Notti,cnotti4l@blogtalkradio.com,Male,2598
167,Kristoffer,Haslam,khaslam4m@posterous.com,Male,4632
168,Kirsten,Tremoille,ktremoille4n@reverbnation.com,Female,4825
169,Thane,Romera,tromera4o@abc.net.au,Male,2193
170,Hal,Danko,hdanko4p@wunderground.com,Male,3972
171,Archaimbaud,Dy,ady4q@devhub.com,Male,4502
172,Felike,Harmson,fharmson4r@mit.edu,Male,4972
173,Raphaela,Keyson,rkeyson4s@princeton.edu,Female,3768
174,Alfredo,Borne,aborne4t@sina.com.cn,Male,3782
175,Yolane,Flanne,yflanne4u@apache.org,Female,3350
176,Iona,Tilt,itilt4v@lulu.com,Female,3264
177,Clementine,Twentyman,ctwentyman4w@illinois.edu,Bigender,3056
178,Rollin,Sorley,rsorley4x@eventbrite.com,Genderfluid,4137
179,De witt,Franciottoi,dfranciottoi4y@japanpost.jp,Male,3067
180,Curry,Boycott,cboycott4z@go.com,Male,4193
181,Ruggiero,Wheelband,rwheelband50@themeforest.net,Male,2727
182,Alfonse,Saipy,asaipy51@livejournal.com,Male,2353
183,Eb,Doget,edoget52@php.net,Male,4835
184,Reeva,Hancell,rhancell53@guardian.co.uk,Female,2106
185,Orion,Kimberly,okimberly54@360.cn,Male,3804
186,Kris,Mingo,kmingo55@bloglovin.com,Male,2880
187,Jeffy,Beran,jberan56@pen.io,Male,4471
188,Dusty,Boanas,dboanas57@jimdo.com,Female,2139
189,Randell,Maffey,rmaffey58@state.tx.us,Male,2558
190,Kelbee,Leuchars,kleuchars59@hc360.com,Male,3496
191,Rosina,Sonnenschein,rsonnenschein5a@macromedia.com,Female,3738
192,Noelle,Rushforth,nrushforth5b@sohu.com,Female,3692
193,Vevay,Croser,vcroser5c@paypal.com,Female,2350
194,Penny,Vargas,pvargas5d@ustream.tv,Female,3422
195,Wiley,Ollander,wollander5e@so-net.ne.jp,Male,2723
196,Michelle,Lewzey,mlewzey5f@ezinearticles.com,Female,2549
197,Tracie,Ensten,tensten5g@jalbum.net,Male,4650
198,Estrellita,Fligg,efligg5h@arizona.edu,Female,2795
199,Marsiella,Cornejo,mcornejo5i@pen.io,Female,4824
200,Kania,Ivanchov,kivanchov5j@typepad.com,Female,4168
201,Helen-elizabeth,Guest,hguest5k@yellowbook.com,Female,4404
202,Angy,Frances,afrances5l@lulu.com,Female,2236
203,Wakefield,Gonnard,wgonnard5m@huffingtonpost.com,Male,3759
204,Stefa,Wheatley,swheatley5n@kickstarter.com,Female,2618
205,Nita,Karim,nkarim5o@networksolutions.com,Female,2478
206,Thaxter,Pietraszek,tpietraszek5p@quantcast.com,Male,4686
207,Broddy,Colleford,bcolleford5q@icio.us,Agender,3842
208,Robinett,Temporal,rtemporal5r@hud.gov,Female,2372
209,Frances,Pracy,fpracy5s@over-blog.com,Female,3407
210,Deerdre,Matoshin,dmatoshin5t@fastcompany.com,Female,4588
211,Jolee,Southerden,jsoutherden5u@house.gov,Female,4633
212,Otto,Gremane,ogremane5v@yellowpages.com,Male,3788
213,Ettore,Veal,eveal5w@hhs.gov,Male,3308
214,Josefina,Pottinger,jpottinger5x@hibu.com,Female,2462
215,Major,Durrett,mdurrett5y@noaa.gov,Male,4306
216,Adoree,Egarr,aegarr5z@statcounter.com,Female,3054
217,Darice,Heijnen,dheijnen60@artisteer.com,Female,2740
218,Malina,Ellif,mellif61@unesco.org,Female,2196
219,Orran,Byrch,obyrch62@ocn.ne.jp,Male,2543
220,Julina,Craigmyle,jcraigmyle63@sakura.ne.jp,Non-binary,4420
221,Dalston,Bader,dbader64@shareasale.com,Male,3762
222,Wells,Tuffs,wtuffs65@prlog.org,Male,2554
223,Randall,Kurdani,rkurdani66@guardian.co.uk,Male,3791
224,Iorgo,Graalman,igraalman67@timesonline.co.uk,Male,3066
225,Orelie,Tapley,otapley68@newyorker.com,Female,2111
226,Constantine,Gronou,cgronou69@narod.ru,Male,3901
227,Brittany,Housego,bhousego6a@google.cn,Female,3769
228,Barry,Bulfield,bbulfield6b@cyberchimps.com,Female,2944
229,Amalie,Dumberell,adumberell6c@smh.com.au,Female,4869
230,Terencio,Berthomieu,tberthomieu6d@xing.com,Male,2966
231,Greggory,Pouck,gpouck6e@exblog.jp,Male,4015
232,Aguie,Tunnow,atunnow6f@prlog.org,Bigender,2944
233,Dedie,Dominec,ddominec6g@jugem.jp,Female,3601
234,Welch,Gritsaev,wgritsaev6h@last.fm,Male,4049
235,Hannah,Garnsworthy,hgarnsworthy6i@cpanel.net,Female,3511
236,Gerry,Crich,gcrich6j@gizmodo.com,Female,3234
237,Feodora,Haker,fhaker6k@github.com,Female,3018
238,Horace,Menilove,hmenilove6l@wordpress.com,Male,3265
239,Brynne,O'Shirine,boshirine6m@hatena.ne.jp,Female,2172
240,Shanna,Klishin,sklishin6n@meetup.com,Female,4019
241,Legra,Tunnah,ltunnah6o@stumbleupon.com,Female,3298
242,Jacqueline,Lindsley,jlindsley6p@ameblo.jp,Female,2204
243,Rolph,Silbersak,rsilbersak6q@indiegogo.com,Male,4137
244,Barron,Hamfleet,bhamfleet6r@tmall.com,Male,2939
245,Bria,Azemar,bazemar6s@freewebs.com,Female,2077
246,Nanci,Kitchingham,nkitchingham6t@ebay.co.uk,Female,4673
247,Catrina,Waddie,cwaddie6u@omniture.com,Female,4587
248,Loise,Tompion,ltompion6v@usatoday.com,Female,4274
249,Julietta,Blackster,jblackster6w@typepad.com,Female,3208
250,Eran,Jeens,ejeens6x@hao123.com,Female,4292
251,Mar,Baynton,mbaynton6y@jiathis.com,Male,2163
252,Frazer,Naden,fnaden6z@wordpress.com,Male,3852
253,Findley,Radleigh,fradleigh70@blogger.com,Male,3999
254,Marty,Scryne,mscryne71@scribd.com,Male,3453
255,Jessalin,Eatherton,jeatherton72@e-recht24.de,Female,4763
256,Guillemette,Masic,gmasic73@stanford.edu,Female,3318
257,Susanna,Jessard,sjessard74@wiley.com,Female,4722
258,Edwina,Klagge,eklagge75@cpanel.net,Female,2077
259,Kenton,Gingles,kgingles76@prweb.com,Male,3629
260,Hermie,Smidmore,hsmidmore77@mediafire.com,Male,2390
261,Eldredge,Chittleburgh,echittleburgh78@wordpress.org,Male,3600
262,Trixi,Philpin,tphilpin79@gnu.org,Female,2356
263,Tarrance,Walkinshaw,twalkinshaw7a@sphinn.com,Male,4184
264,Harris,Gracewood,hgracewood7b@angelfire.com,Male,4002
265,Archer,Stockall,astockall7c@shutterfly.com,Male,3758
266,Gisele,Jarred,gjarred7d@purevolume.com,Female,4909
267,Caroljean,Sevier,csevier7e@domainmarket.com,Female,3934
268,Vern,Sambedge,vsambedge7f@abc.net.au,Male,2916
269,Sela,Crock,scrock7g@sakura.ne.jp,Female,4544
270,Ardelia,Bedding,abedding7h@marketwatch.com,Female,2510
271,Ann-marie,Ridulfo,aridulfo7i@smugmug.com,Female,2410
272,Emilia,Shitliff,eshitliff7j@youku.com,Female,4812
273,Maddy,Paolicchi,mpaolicchi7k@miibeian.gov.cn,Agender,3412
274,Gerhardt,Cusworth,gcusworth7l@boston.com,Male,4727
275,Phillipe,Geere,pgeere7m@dedecms.com,Male,4404
276,Vick,Arundale,varundale7n@google.com,Male,2200
277,Isidro,Floyed,ifloyed7o@cnn.com,Male,2938
278,Henka,Tickle,htickle7p@nps.gov,Female,2574
279,Anne,Yeomans,ayeomans7q@gmpg.org,Female,4427
280,Ethan,Lexa,elexa7r@eventbrite.com,Male,3062
281,Twila,Paulley,tpaulley7s@berkeley.edu,Female,3397
282,Blake,Rambadt,brambadt7t@qq.com,Male,3352
283,Janetta,Wayland,jwayland7u@naver.com,Female,2330
284,Bibbye,Freeburn,bfreeburn7v@symantec.com,Female,4544
285,Nariko,Peasby,npeasby7w@sitemeter.com,Female,4821
286,Virginie,Danko,vdanko7x@ox.ac.uk,Female,4740
287,Nikolos,Van Brug,nvanbrug7y@yandex.ru,Male,2266
288,Dana,Gregan,dgregan7z@yandex.ru,Male,3981
289,Chelsea,Balding,cbalding80@cbsnews.com,Genderfluid,2624
290,Emlynn,Mibourne,emibourne81@npr.org,Female,4531
291,Koenraad,Hinkensen,khinkensen82@hugedomains.com,Male,3047
292,Calli,Tille,ctille83@shinystat.com,Female,2224
293,Jaquelyn,Crosher,jcrosher84@npr.org,Female,4088
294,Zena,Iacapucci,ziacapucci85@newsvine.com,Bigender,4891
295,Elwin,Bondesen,ebondesen86@noaa.gov,Male,2653
296,Kori,Basezzi,kbasezzi87@google.es,Female,4438
297,Mandie,Jakaway,mjakaway88@amazon.com,Non-binary,4212
298,Frederique,Grzegorzewski,fgrzegorzewski89@irs.gov,Female,4532
299,Valentin,Filler,vfiller8a@over-blog.com,Male,3933
300,Cassondra,Huston,chuston8b@acquirethisname.com,Non-binary,4330
301,Colette,Burriss,cburriss8c@nationalgeographic.com,Female,2774
302,Sigmund,Jeske,sjeske8d@yellowbook.com,Male,4848
303,Nathanael,Falco,nfalco8e@plala.or.jp,Male,3391
304,Dolly,Blamphin,dblamphin8f@amazon.de,Female,3825
305,Ricard,Marvel,rmarvel8g@booking.com,Male,3300
306,Forest,Collecott,fcollecott8h@dyndns.org,Male,2421
307,Marlon,Allbones,mallbones8i@dion.ne.jp,Male,2573
308,Bevvy,Mortel,bmortel8j@google.cn,Female,3452
309,Dal,Tombs,dtombs8k@about.me,Genderqueer,2211
310,Jobi,Signore,jsignore8l@hostgator.com,Female,3292
311,Obadias,Grayham,ograyham8m@uiuc.edu,Bigender,2983
312,Robers,Gookes,rgookes8n@omniture.com,Male,3505
313,Zonnya,Moubray,zmoubray8o@free.fr,Polygender,3343
314,Padraic,Brisard,pbrisard8p@uol.com.br,Male,2165
315,Appolonia,Hullock,ahullock8q@hugedomains.com,Female,3668
316,Alta,Robinett,arobinett8r@wiley.com,Female,4110
317,Vincents,Last,vlast8s@smugmug.com,Male,2089
318,Cassey,Burdus,cburdus8t@google.com.au,Female,3658
319,Esteban,Amy,eamy8u@godaddy.com,Male,3018
320,Bird,Brandin,bbrandin8v@google.com.br,Female,2706
321,Cesaro,Crisford,ccrisford8w@answers.com,Male,2614
322,Ulysses,Capponer,ucapponer8x@typepad.com,Male,4030
323,Lorettalorna,Sinney,lsinney8y@bizjournals.com,Female,2607
324,Hasheem,Klesel,hklesel8z@jiathis.com,Male,2741
325,Chan,Pavia,cpavia90@mlb.com,Male,2995
326,Bruno,Ferriman,bferriman91@ask.com,Male,2894
327,Eydie,Trueman,etrueman92@cisco.com,Female,4424
328,Benedetto,Hearon,bhearon93@ebay.co.uk,Male,2746
329,Lorianna,Vella,lvella94@reference.com,Female,3341
330,Nikkie,Denekamp,ndenekamp95@npr.org,Female,3499
331,Palmer,Betjes,pbetjes96@mail.ru,Male,2003
332,Robinetta,Haslewood,rhaslewood97@google.com.hk,Female,4276
333,Flor,Oldham,foldham98@washington.edu,Female,4818
334,Clovis,Conniam,cconniam99@fastcompany.com,Female,4652
335,Ethel,Keers,ekeers9a@cornell.edu,Female,4407
336,Avery,Juster,ajuster9b@independent.co.uk,Male,2142
337,Rodney,Staten,rstaten9c@netvibes.com,Agender,4713
338,Alexis,Hymer,ahymer9d@nationalgeographic.com,Male,4730
339,Danit,Laslett,dlaslett9e@infoseek.co.jp,Female,2664
340,Adrian,Rowesby,arowesby9f@paypal.com,Female,3690
341,Carl,Magne,cmagne9g@comcast.net,Male,4417
342,Zahara,Corfield,zcorfield9h@stumbleupon.com,Female,4297
343,Melinda,Bardill,mbardill9i@indiegogo.com,Female,4422
344,Agnola,Chatten,achatten9j@slashdot.org,Female,2884
345,Lanae,Beals,lbeals9k@nytimes.com,Female,3182
346,Cassandry,Ponton,cponton9l@ucoz.ru,Genderfluid,2114
347,Kurtis,McAllester,kmcallester9m@usnews.com,Male,2539
348,Porty,Litton,plitton9n@google.fr,Male,2695
349,Meghan,Rugiero,mrugiero9o@dion.ne.jp,Female,3155
350,Juliann,Farfolomeev,jfarfolomeev9p@topsy.com,Female,3598
351,Rich,Aveling,raveling9q@cisco.com,Male,4171
352,Elysee,Woodworth,ewoodworth9r@businessweek.com,Female,2474
353,Ellwood,Cordrey,ecordrey9s@1688.com,Male,2620
354,Rowan,Wewell,rwewell9t@miitbeian.gov.cn,Male,4176
355,Orsola,Dashwood,odashwood9u@163.com,Female,3233
356,Orton,Binley,obinley9v@51.la,Male,3426
357,Madeline,Pamment,mpamment9w@mayoclinic.com,Female,2805
358,Jule,Punyer,jpunyer9x@yellowpages.com,Male,4991
359,Brandon,Duxbury,bduxbury9y@cpanel.net,Agender,4075
360,Rosette,Galvan,rgalvan9z@scientificamerican.com,Female,3249
361,Kamilah,Stonner,kstonnera0@vinaora.com,Female,3774
362,Hester,Parsonson,hparsonsona1@live.com,Female,2819
363,Prince,Lorkings,plorkingsa2@foxnews.com,Male,4785
364,Stanislaus,Aidler,saidlera3@weather.com,Male,3295
365,Carey,Gleave,cgleavea4@patch.com,Male,3266
366,Marillin,Firsby,mfirsbya5@flavors.me,Genderqueer,4276
367,Cynthea,Tincombe,ctincombea6@dyndns.org,Female,4983
368,Wilt,Comberbach,wcomberbacha7@de.vu,Male,2586
369,Raquel,Daniel,rdaniela8@unicef.org,Polygender,2180
370,Karlan,MacHarg,kmacharga9@amazon.co.uk,Male,2809
371,Moyra,Vallow,mvallowaa@webmd.com,Female,4653
372,Krishnah,Morrice,kmorriceab@uol.com.br,Polygender,3303
373,Nadya,Rodenburgh,nrodenburghac@ted.com,Female,3204
374,Rickie,Snedden,rsneddenad@youtu.be,Female,4993
375,Stormy,McSporrin,smcsporrinae@earthlink.net,Female,3881
376,Kerianne,Simla,ksimlaaf@nydailynews.com,Female,2918
377,Camile,Fawcett,cfawcettag@aol.com,Female,2795
378,Benedict,Possell,bpossellah@arstechnica.com,Male,2005
379,Agnesse,McRannell,amcrannellai@arizona.edu,Female,4596
380,Cassaundra,Halladay,challadayaj@arizona.edu,Female,3116
381,Roldan,Balm,rbalmak@businessweek.com,Male,4919
382,Cullie,Ollarenshaw,collarenshawal@weebly.com,Male,2555
383,Jabez,McGarel,jmcgarelam@canalblog.com,Male,4058
384,Barnard,Tichelaar,btichelaaran@wp.com,Male,2929
385,Auria,Walklett,awalklettao@seattletimes.com,Female,3603
386,Aldwin,Graundisson,agraundissonap@apache.org,Male,4409
387,Sandor,Tanton,stantonaq@hc360.com,Male,4529
388,Marja,L'argent,mlargentar@usda.gov,Female,4424
389,Ronny,Varker,rvarkeras@auda.org.au,Female,3606
390,Gardy,Couling,gcoulingat@apple.com,Male,4636
391,Marsha,Stiddard,mstiddardau@unicef.org,Female,4553
392,Deeann,Heephy,dheephyav@baidu.com,Female,4584
393,Joseito,Barsham,jbarshamaw@nps.gov,Male,2292
394,Cynthea,Forten,cfortenax@canalblog.com,Female,4376
395,Sayers,Moquin,smoquinay@businesswire.com,Male,2027
396,Andromache,Hurrion,ahurrionaz@ibm.com,Female,2476
397,Michele,Brotherton,mbrothertonb0@narod.ru,Female,4410
398,Neils,Kensington,nkensingtonb1@sciencedirect.com,Male,2879
399,Clareta,Seak,cseakb2@squidoo.com,Female,3826
400,Simonette,Hadlee,shadleeb3@chronoengine.com,Female,2520
401,Krissie,Bearn,kbearnb4@dyndns.org,Female,4718
402,Valera,McParland,vmcparlandb5@disqus.com,Female,3760
403,Friedrick,Mully,fmullyb6@amazonaws.com,Male,3234
404,Arnold,Jeffryes,ajeffryesb7@nps.gov,Male,2178
405,Bethina,Alsobrook,balsobrookb8@va.gov,Female,3581
406,Vita,Duxbarry,vduxbarryb9@parallels.com,Female,4697
407,Morrie,Clashe,mclasheba@spiegel.de,Male,4653
408,Akim,Hovey,ahoveybb@hc360.com,Male,2763
409,Salomone,Shynn,sshynnbc@apache.org,Male,4730
410,Gaynor,Chatteris,gchatterisbd@webmd.com,Female,4421
411,Alis,Dayly,adaylybe@businesswire.com,Female,3192
412,Janene,Cracie,jcraciebf@facebook.com,Female,3487
413,Chancey,Carling,ccarlingbg@1und1.de,Male,4283
414,Gar,Harriagn,gharriagnbh@google.com.au,Male,4811
415,Hymie,Connochie,hconnochiebi@smh.com.au,Male,3850
416,Travers,Mahady,tmahadybj@livejournal.com,Male,4828
417,Erasmus,Coalburn,ecoalburnbk@wikipedia.org,Male,3497
418,Mellisa,Joder,mjoderbl@apple.com,Polygender,2899
419,Lamond,Fontaine,lfontainebm@chronoengine.com,Male,2327
420,Hector,Meindl,hmeindlbn@yelp.com,Male,4242
421,Valentine,Robens,vrobensbo@ibm.com,Male,4136
422,Rad,Canter,rcanterbp@nih.gov,Male,4518
423,Scarlet,Staite,sstaitebq@ucsd.edu,Female,2840
424,Laney,Battisson,lbattissonbr@nasa.gov,Non-binary,4372
425,Elita,Giabucci,egiabuccibs@army.mil,Female,3844
426,Adelice,Stebbing,astebbingbt@senate.gov,Female,3348
427,Pattin,Babinski,pbabinskibu@gizmodo.com,Male,4398
428,Deane,Vassall,dvassallbv@independent.co.uk,Female,2679
429,Eimile,Morffew,emorffewbw@amazon.co.jp,Female,3267
430,Sallee,Bayman,sbaymanbx@tripadvisor.com,Female,4940
431,Rex,Malatalant,rmalatalantby@newyorker.com,Male,2918
432,Meade,Yantsev,myantsevbz@virginia.edu,Male,2659
433,Opalina,Mead,omeadc0@fotki.com,Female,4267
434,Jayme,Bonafant,jbonafantc1@usa.gov,Male,4659
435,Dot,Proger,dprogerc2@upenn.edu,Female,3841
436,Alfie,Hebden,ahebdenc3@telegraph.co.uk,Male,4654
437,Corrina,Bidgood,cbidgoodc4@moonfruit.com,Female,4774
438,Morgana,Balsillie,mbalsilliec5@psu.edu,Agender,2823
439,Koralle,Pentelow,kpentelowc6@examiner.com,Non-binary,2568
440,Rochelle,Vanyushkin,rvanyushkinc7@cpanel.net,Female,2996
441,Berty,Sneden,bsnedenc8@google.ca,Male,4940
442,Kin,Benoiton,kbenoitonc9@sogou.com,Male,4504
443,Eleanora,Forder,eforderca@techcrunch.com,Female,3841
444,Marla,Crofthwaite,mcrofthwaitecb@phpbb.com,Female,4022
445,Dick,Duchateau,dduchateaucc@cafepress.com,Male,2026
446,Steffen,Hartil,shartilcd@e-recht24.de,Male,3668
447,Latrena,Chipps,lchippsce@weibo.com,Female,2343
448,Haroun,Galliford,hgallifordcf@gov.uk,Male,4926
449,Vin,Savine,vsavinecg@printfriendly.com,Male,2498
450,Laina,Grinyov,lgrinyovch@springer.com,Female,4997
451,Early,Kinde,ekindeci@disqus.com,Male,4438
452,Dacie,Leckie,dleckiecj@about.me,Genderqueer,3027
453,Pinchas,Peevor,ppeevorck@surveymonkey.com,Genderqueer,4633
454,Ibbie,Nevett,inevettcl@over-blog.com,Female,3114
455,Kath,Pittman,kpittmancm@soundcloud.com,Female,4919
456,Kelcie,Collibear,kcollibearcn@thetimes.co.uk,Female,4439
457,Benny,Bariball,bbariballco@upenn.edu,Female,4790
458,Lemmy,Ozelton,lozeltoncp@intel.com,Male,4984
459,Dyane,Menichini,dmenichinicq@jigsy.com,Female,2407
460,Dayle,Ivy,divycr@ask.com,Female,4452
461,Ingaberg,McGilvra,imcgilvracs@people.com.cn,Agender,3180
462,Windham,Stienham,wstienhamct@reverbnation.com,Male,4642
463,Neall,Tomkiss,ntomkisscu@arizona.edu,Male,2744
464,Xymenes,Senecaux,xsenecauxcv@wikia.com,Male,3758
465,Art,McQuilkin,amcquilkincw@umich.edu,Male,4559
466,Matelda,Scorey,mscoreycx@cyberchimps.com,Female,3034
467,Hamel,Forlonge,hforlongecy@w3.org,Male,3947
468,Pearle,Clemenzi,pclemenzicz@ca.gov,Female,4721
469,Hercules,Hugnet,hhugnetd0@eepurl.com,Male,3427
470,Sheryl,Rayer,srayerd1@sohu.com,Female,3169
471,Orville,Feechum,ofeechumd2@wsj.com,Male,3752
472,Marylynne,Bubb,mbubbd3@google.fr,Female,4184
473,Eugenio,Folling,efollingd4@yale.edu,Male,4813
474,Coletta,Runham,crunhamd5@cpanel.net,Female,4658
475,Corene,Barkworth,cbarkworthd6@xing.com,Bigender,4764
476,Timoteo,Christophers,tchristophersd7@senate.gov,Male,3979
477,Vincents,Rossbrook,vrossbrookd8@sciencedaily.com,Male,4008
478,Beaufort,Sorsbie,bsorsbied9@vinaora.com,Male,3775
479,Dukie,Slowley,dslowleyda@geocities.jp,Male,2112
480,Darby,Dart,ddartdb@mapquest.com,Male,4264
481,Maxy,Forson,mforsondc@arstechnica.com,Male,3532
482,Delila,Bray,dbraydd@walmart.com,Genderfluid,2483
483,Tammie,Strotone,tstrotonede@craigslist.org,Female,3649
484,Sophie,Twidell,stwidelldf@netlog.com,Female,3851
485,Demetria,Grouse,dgrousedg@sciencedirect.com,Female,2755
486,Hulda,Marzello,hmarzellodh@e-recht24.de,Bigender,3774
487,Baillie,Halbard,bhalbarddi@cbslocal.com,Male,3154
488,Lindsey,Escreet,lescreetdj@nba.com,Male,4374
489,Thatch,Greetham,tgreethamdk@utexas.edu,Male,2834
490,Cyrillus,Orsay,corsaydl@wufoo.com,Non-binary,3497
491,Humphrey,Argo,hargodm@yahoo.co.jp,Male,3708
492,Alexis,Gilhouley,agilhouleydn@simplemachines.org,Female,4064
493,Glynn,Golton,ggoltondo@discovery.com,Male,4428
494,Ingaberg,Maginot,imaginotdp@tuttocitta.it,Female,2048
495,Emelina,Poulett,epoulettdq@mit.edu,Female,2711
496,Ewan,Manie,emaniedr@youtu.be,Polygender,2238
497,Maris,Rootes,mrootesds@nps.gov,Bigender,3011
498,Enos,Ardy,eardydt@vistaprint.com,Male,4542
499,Celestine,Ivakhno,civakhnodu@si.edu,Female,4522
500,Mose,Sauven,msauvendv@sitemeter.com,Male,4724
501,Hildagard,Inseal,hinsealdw@reverbnation.com,Female,3191
502,Emmey,Brotheridge,ebrotheridgedx@webnode.com,Female,4089
503,Maddy,Caramuscia,mcaramusciady@nasa.gov,Male,3579
504,Morgun,Halsey,mhalseydz@skype.com,Male,4805
505,Millicent,Smallpeice,msmallpeicee0@auda.org.au,Female,4199
506,Eduard,Fellenor,efellenore1@google.co.jp,Male,4836
507,Moore,Spargo,mspargoe2@chronoengine.com,Male,4516
508,Abner,Cowpland,acowplande3@yahoo.com,Male,2706
509,Carilyn,Shingles,cshinglese4@acquirethisname.com,Polygender,4212
510,Joellen,Audsley,jaudsleye5@walmart.com,Female,4848
511,Christie,Billes,cbillese6@sfgate.com,Female,3465
512,Tate,Arthur,tarthure7@altervista.org,Male,3777
513,Kile,Stollberg,kstollberge8@cbsnews.com,Male,4363
514,Clair,Wanka,cwankae9@furl.net,Female,3635
515,Lothaire,Tyer,ltyerea@myspace.com,Male,2885
516,Nichol,Spavins,nspavinseb@t-online.de,Female,2221
517,Brendin,Learoyd,blearoydec@aboutads.info,Male,4624
518,Gunar,Borer,gborered@taobao.com,Male,4649
519,Harris,Rapaport,hrapaportee@csmonitor.com,Male,3460
520,Abe,Gillbard,agillbardef@usatoday.com,Genderqueer,3800
521,Gabriella,Strettell,gstrettelleg@irs.gov,Female,2110
522,Karrie,Hawksley,khawksleyeh@imdb.com,Female,2416
523,Fredra,Westhead,fwestheadei@google.pl,Non-binary,2065
524,Brod,Wrathmell,bwrathmellej@ihg.com,Male,4834
525,Shirlee,Millard,smillardek@bbb.org,Female,3254
526,Janel,Charkham,jcharkhamel@chronoengine.com,Female,2809
527,Shawn,Insley,sinsleyem@themeforest.net,Female,2788
528,Ania,Greep,agreepen@mac.com,Non-binary,4247
529,Drew,Bickley,dbickleyeo@hud.gov,Male,2385
530,Pavlov,Mancktelow,pmancktelowep@nytimes.com,Male,4224
531,Hadria,Waterstone,hwaterstoneeq@about.com,Non-binary,3025
532,Vernice,Blakiston,vblakistoner@google.fr,Female,3793
533,Fernando,Peacock,fpeacockes@boston.com,Male,3210
534,Dwight,Huie,dhuieet@sphinn.com,Male,4160
535,Charis,Kleimt,ckleimteu@skyrock.com,Female,4461
536,Brigida,Othen,bothenev@cocolog-nifty.com,Female,3267
537,Nealson,Cockrell,ncockrellew@myspace.com,Male,2322
538,Maxy,Whitford,mwhitfordex@amazon.co.uk,Female,4557
539,Carey,Delap,cdelapey@tmall.com,Male,2612
540,Matteo,Alban,malbanez@cbc.ca,Male,3582
541,Barthel,Tippings,btippingsf0@state.tx.us,Male,4513
542,Angie,Heathfield,aheathfieldf1@gizmodo.com,Female,3179
543,Marquita,Chaulk,mchaulkf2@foxnews.com,Female,2243
544,Polly,McCrachen,pmccrachenf3@bloglines.com,Female,4893
545,Dannel,Frayn,dfraynf4@fastcompany.com,Male,2203
546,Giusto,Tincombe,gtincombef5@discovery.com,Male,3568
547,Gil,Stayte,gstaytef6@census.gov,Male,4504
548,Thain,Tue,ttuef7@ibm.com,Male,3066
549,Grover,Ovens,govensf8@sbwire.com,Male,3037
550,Alexio,Pobjay,apobjayf9@myspace.com,Male,4721
551,Antony,Jorck,ajorckfa@ustream.tv,Male,3884
552,Yancey,Lehrahan,ylehrahanfb@ocn.ne.jp,Male,4994
553,Debbi,Wyldbore,dwyldborefc@toplist.cz,Female,2295
554,Eamon,Maryan,emaryanfd@naver.com,Male,3238
555,Donal,Gibbieson,dgibbiesonfe@desdev.cn,Male,4419
556,Tobit,Tollerfield,ttollerfieldff@nbcnews.com,Male,4193
557,Ichabod,Savaage,isavaagefg@nbcnews.com,Male,3070
558,Bertine,Kures,bkuresfh@cpanel.net,Female,4294
559,Brittan,Privost,bprivostfi@ucla.edu,Female,4711
560,Trevar,Clementson,tclementsonfj@aol.com,Male,3590
561,Nicolai,Belvard,nbelvardfk@free.fr,Male,2678
562,Silvie,Burriss,sburrissfl@cnet.com,Female,4097
563,Charin,Poppy,cpoppyfm@mac.com,Bigender,2876
564,Delmar,Rothera,drotherafn@tiny.cc,Male,3737
565,Hobey,Headington,hheadingtonfo@google.es,Male,2374
566,Todd,Kaemena,tkaemenafp@tmall.com,Male,3973
567,Constantia,Melmeth,cmelmethfq@squarespace.com,Female,2333
568,Hedwiga,Sebrook,hsebrookfr@timesonline.co.uk,Non-binary,2010
569,Way,Kamall,wkamallfs@telegraph.co.uk,Male,3091
570,Carley,Fairhall,cfairhallft@rakuten.co.jp,Female,2611
571,Hewe,Cosker,hcoskerfu@123-reg.co.uk,Male,4632
572,Di,Rickertsen,drickertsenfv@infoseek.co.jp,Female,3040
573,Lian,Sawden,lsawdenfw@moonfruit.com,Female,2492
574,Bradford,Cridlon,bcridlonfx@china.com.cn,Male,2291
575,Ford,Fegan,ffeganfy@netvibes.com,Male,4952
576,Abie,Lobell,alobellfz@fema.gov,Male,3785
577,Cesare,Halcro,chalcrog0@guardian.co.uk,Male,2763
578,Shelby,Shippey,sshippeyg1@nasa.gov,Male,3686
579,Clair,Ceely,cceelyg2@163.com,Male,3955
580,Ruben,Sartain,rsartaing3@jimdo.com,Male,4047
581,Vic,Trevithick,vtrevithickg4@imgur.com,Male,4008
582,Essy,Banishevitz,ebanishevitzg5@goo.ne.jp,Female,3647
583,Marylou,Storek,mstorekg6@e-recht24.de,Female,2809
584,Jonie,Bremner,jbremnerg7@timesonline.co.uk,Non-binary,2511
585,Kristos,Simcock,ksimcockg8@taobao.com,Male,2538
586,Ward,Enston,wenstong9@paginegialle.it,Male,4168
587,Barbey,Charlo,bcharloga@narod.ru,Female,2820
588,Erich,MacAnulty,emacanultygb@wikia.com,Male,2409
589,Pip,Belsham,pbelshamgc@sourceforge.net,Male,3142
590,Roddy,Churchard,rchurchardgd@java.com,Male,3514
591,Phil,Berkeley,pberkeleyge@fda.gov,Male,4879
592,Raul,Aslen,raslengf@comsenz.com,Male,2610
593,Maggi,Whitney,mwhitneygg@apache.org,Female,2963
594,Brigg,Lukins,blukinsgh@guardian.co.uk,Male,3615
595,Shanna,Ruddoch,sruddochgi@google.ru,Female,2090
596,Briney,Japp,bjappgj@yale.edu,Genderfluid,4320
597,Thornton,Enders,tendersgk@vimeo.com,Male,2492
598,Anestassia,Pennycock,apennycockgl@jigsy.com,Female,2841
599,Lorry,Whiteley,lwhiteleygm@123-reg.co.uk,Agender,2245
600,Barthel,McCarl,bmccarlgn@freewebs.com,Male,3119
601,Bentlee,Itschakov,bitschakovgo@cloudflare.com,Male,4732
602,Devi,Waltho,dwalthogp@issuu.com,Non-binary,3294
603,Jessika,Van Driel,jvandrielgq@hibu.com,Female,3014
604,Deina,Rathmell,drathmellgr@hexun.com,Female,3885
605,Donna,Larimer,dlarimergs@sbwire.com,Female,2755
606,Clark,Smout,csmoutgt@mozilla.org,Male,3336
607,Onofredo,Aubery,oauberygu@dmoz.org,Male,2741
608,Bond,Loughlan,bloughlangv@opera.com,Male,4355
609,Cleopatra,Cardon,ccardongw@dropbox.com,Female,3043
610,Ennis,Woolford,ewoolfordgx@paginegialle.it,Agender,2919
611,Marsha,Burgan,mburgangy@ifeng.com,Female,4307
612,Lucita,Leipoldt,lleipoldtgz@wp.com,Female,3293
613,Mattheus,Scroggie,mscroggieh0@123-reg.co.uk,Male,4185
614,Dilly,Petri,dpetrih1@alibaba.com,Male,3969
615,Damien,Brick,dbrickh2@sciencedirect.com,Male,4961
616,Kain,Davis,kdavish3@geocities.com,Male,4240
617,Sergent,Fishleigh,sfishleighh4@bandcamp.com,Male,2308
618,Lynnet,Tolcher,ltolcherh5@who.int,Female,4858
619,Austen,Shelvey,ashelveyh6@apple.com,Male,2189
620,Mirabella,Fitzsimons,mfitzsimonsh7@washington.edu,Female,4587
621,Aurelie,Terran,aterranh8@parallels.com,Female,4974
622,Kiah,Richfield,krichfieldh9@google.cn,Non-binary,3186
623,Christen,Miettinen,cmiettinenha@godaddy.com,Female,2176
624,Hedwig,Akister,hakisterhb@infoseek.co.jp,Female,3591
625,Constancia,Hadaway,chadawayhc@icq.com,Female,4119
626,Consuela,Lorrie,clorriehd@merriam-webster.com,Female,2499
627,Ellene,Blees,ebleeshe@purevolume.com,Genderqueer,2003
628,Ginger,Hollibone,ghollibonehf@statcounter.com,Female,3651
629,Bobbie,Portman,bportmanhg@delicious.com,Male,4266
630,Donavon,Braffington,dbraffingtonhh@thetimes.co.uk,Male,2983
631,Allix,Burkinshaw,aburkinshawhi@people.com.cn,Female,2531
632,Jeremias,Bowes,jboweshj@google.de,Male,2918
633,Catrina,Balthasar,cbalthasarhk@devhub.com,Female,2687
634,Early,Cowpertwait,ecowpertwaithl@tinyurl.com,Male,3801
635,Antonina,Longcaster,alongcasterhm@craigslist.org,Female,2051
636,Candis,Westwell,cwestwellhn@washingtonpost.com,Female,2941
637,Afton,Vivyan,avivyanho@jigsy.com,Female,2202
638,Sutherlan,Parnall,sparnallhp@sciencedirect.com,Male,4868
639,Hagan,Salliss,hsallisshq@google.fr,Male,3596
640,Isaak,Fetteplace,ifetteplacehr@cbsnews.com,Male,3493
641,Louie,Stucke,lstuckehs@spotify.com,Male,4915
642,Verene,Bastian,vbastianht@slate.com,Female,3817
643,Emmi,Crosen,ecrosenhu@eepurl.com,Female,4829
644,Frank,Thatcher,fthatcherhv@si.edu,Male,2439
645,Mano,Packington,mpackingtonhw@elegantthemes.com,Male,2283
646,Doralyn,Perkins,dperkinshx@simplemachines.org,Female,2622
647,Robers,Bridgement,rbridgementhy@stanford.edu,Male,4489
648,Gayle,Pape,gpapehz@unicef.org,Male,4703
649,Dorothy,Darwood,ddarwoodi0@booking.com,Female,3042
650,Bard,Bartoli,bbartolii1@cyberchimps.com,Male,4043
651,Theodor,Dalziell,tdalzielli2@naver.com,Male,2955
652,Ludovika,Sander,lsanderi3@timesonline.co.uk,Female,4193
653,Danila,Stearn,dstearni4@photobucket.com,Female,2740
654,Anett,Lavery,alaveryi5@tiny.cc,Female,2697
655,Kerri,Chewter,kchewteri6@walmart.com,Female,3245
656,Guthrie,Killough,gkilloughi7@4shared.com,Male,4284
657,Colan,Oades,coadesi8@alibaba.com,Male,4446
658,Caryl,Quinet,cquineti9@wsj.com,Male,4737
659,Johny,Hartrick,jhartrickia@tuttocitta.it,Male,2613
660,Tadd,Feldberg,tfeldbergib@wisc.edu,Male,4594
661,Tabby,Padmore,tpadmoreic@nifty.com,Male,4639
662,Delainey,Benasik,dbenasikid@sciencedirect.com,Male,3835
663,Neils,Prangnell,nprangnellie@wikia.com,Male,4880
664,Chrissie,Castles,ccastlesif@instagram.com,Female,3077
665,Stevy,Westberg,swestbergig@go.com,Male,2592
666,Stephen,Bampford,sbampfordih@youtu.be,Male,4736
667,Skipp,Taye,stayeii@reverbnation.com,Male,2463
668,Winny,Bragge,wbraggeij@wisc.edu,Female,2233
669,Barbara-anne,Kachel,bkachelik@squarespace.com,Female,4234
670,Marwin,Hartzogs,mhartzogsil@vistaprint.com,Male,3263
671,Benny,Lockner,blocknerim@chronoengine.com,Male,2550
672,Mill,Burvill,mburvillin@360.cn,Male,4354
673,Patty,Domanek,pdomanekio@ifeng.com,Female,4387
674,Kearney,Sill,ksillip@bigcartel.com,Male,4156
675,Sauveur,Poley,spoleyiq@dot.gov,Male,4686
676,Eba,Nowaczyk,enowaczykir@bluehost.com,Female,2803
677,Antonina,Castanos,acastanosis@ucoz.com,Female,2711
678,Linda,Lamb-shine,llambshineit@gov.uk,Female,2036
679,Boycie,Ferrar,bferrariu@dedecms.com,Male,3496
680,Archie,McEvon,amcevoniv@webnode.com,Male,4339
681,Edvard,McCreagh,emccreaghiw@springer.com,Male,2082
682,Olivie,Geater,ogeaterix@telegraph.co.uk,Female,2509
683,Ginger,Gerardi,ggerardiiy@simplemachines.org,Male,3602
684,Preston,Shevlin,pshevliniz@aboutads.info,Male,3800
685,Cobby,Cory,ccoryj0@mapy.cz,Male,2678
686,Whitman,Dowsing,wdowsingj1@google.de,Male,2728
687,Alfie,McKerron,amckerronj2@dedecms.com,Female,2933
688,Aldus,Maxweell,amaxweellj3@amazon.co.jp,Male,4427
689,Chrystal,Philippou,cphilippouj4@oakley.com,Female,4527
690,Vonni,Van Arsdalen,vvanarsdalenj5@princeton.edu,Agender,3565
691,Salomo,Bains,sbainsj6@over-blog.com,Male,4646
692,Ferdy,Rudham,frudhamj7@bbb.org,Male,2752
693,Hillard,Rundall,hrundallj8@nyu.edu,Male,4921
694,Karoly,Virgin,kvirginj9@pen.io,Female,3308
695,Kesley,Tardiff,ktardiffja@goo.ne.jp,Female,2337
696,Devonna,Hackworthy,dhackworthyjb@soundcloud.com,Female,3969
697,Thorin,Pietersen,tpietersenjc@usa.gov,Male,4907
698,Sapphire,Kelcher,skelcherjd@skype.com,Female,3195
699,Donni,Kennewell,dkennewellje@wiley.com,Female,2227
700,Cecil,Nettleship,cnettleshipjf@photobucket.com,Male,4478
701,Corrie,Briiginshaw,cbriiginshawjg@google.ru,Female,4007
702,Henderson,Uden,hudenjh@ameblo.jp,Male,4109
703,Gunter,Beckley,gbeckleyji@php.net,Male,4261
704,Obadiah,Klehn,oklehnjj@berkeley.edu,Male,3104
705,Earlie,Lillo,elillojk@weibo.com,Male,3001
706,Angel,Son,asonjl@spiegel.de,Female,2227
707,Gail,Parcall,gparcalljm@ucsd.edu,Polygender,2571
708,Cullin,Tottem,ctottemjn@gravatar.com,Male,3295
709,Nels,Domini,ndominijo@soundcloud.com,Male,2090
710,Lynnette,Valente,lvalentejp@cnet.com,Female,2101
711,Floyd,Von Gladbach,fvongladbachjq@rakuten.co.jp,Male,2781
712,Hammad,Pedroni,hpedronijr@taobao.com,Male,4292
713,Maynard,Cagan,mcaganjs@cloudflare.com,Genderfluid,3101
714,Jori,Devereux,jdevereuxjt@deliciousdays.com,Female,2591
715,Cathleen,Dablin,cdablinju@squidoo.com,Non-binary,4871
716,Raf,Von Brook,rvonbrookjv@mit.edu,Female,2025
717,Wynn,Benner,wbennerjw@wikia.com,Female,4835
718,Justen,Mahmood,jmahmoodjx@dailymotion.com,Male,4430
719,Riki,Truelock,rtruelockjy@amazon.co.jp,Female,4769
720,Lona,Read,lreadjz@home.pl,Female,4720
721,Larine,Bilbee,lbilbeek0@wufoo.com,Female,3942
722,Jakob,Pummery,jpummeryk1@alibaba.com,Male,3409
723,Ax,Ortega,aortegak2@1und1.de,Male,3220
724,Irwinn,Depka,idepkak3@usda.gov,Male,2289
725,Cherry,MacChaell,cmacchaellk4@blogspot.com,Female,2804
726,Lazar,Yurkevich,lyurkevichk5@prweb.com,Male,3312
727,Adler,Crayton,acraytonk6@miitbeian.gov.cn,Male,4473
728,Minnnie,Franzetti,mfranzettik7@mtv.com,Female,2494
729,Simona,Demelt,sdemeltk8@paypal.com,Female,3309
730,Eduard,Breawood,ebreawoodk9@goodreads.com,Male,3927
731,Korey,Sewall,ksewallka@webmd.com,Male,4010
732,Liane,Gerardot,lgerardotkb@123-reg.co.uk,Female,4946
733,Deeanne,Thowless,dthowlesskc@theatlantic.com,Female,4375
734,Thorstein,Dast,tdastkd@imgur.com,Male,3514
735,Candis,Grishenkov,cgrishenkovke@fotki.com,Polygender,3318
736,Rosa,Dron,rdronkf@msu.edu,Female,2334
737,Marcia,Veschambre,mveschambrekg@fotki.com,Polygender,2835
738,Farr,Bernardino,fbernardinokh@state.gov,Non-binary,3095
739,Gillian,Escofier,gescofierki@biblegateway.com,Female,2258
740,Alejoa,Smallpeice,asmallpeicekj@goo.gl,Male,4180
741,Beau,Brevetor,bbrevetorkk@tripadvisor.com,Male,2569
742,Luke,Quinevan,lquinevankl@sciencedirect.com,Genderfluid,4749
743,Alys,Jacobovitch,ajacobovitchkm@google.ru,Female,3483
744,Cher,Brumham,cbrumhamkn@constantcontact.com,Female,3664
745,Frants,Farrimond,ffarrimondko@devhub.com,Bigender,4852
746,Harcourt,Matterdace,hmatterdacekp@cbsnews.com,Agender,2204
747,Gilburt,Tombleson,gtomblesonkq@ebay.co.uk,Male,2367
748,Forster,Retallack,fretallackkr@amazon.com,Male,3872
749,Maryellen,Hundal,mhundalks@sohu.com,Female,4076
750,Sallyann,Thames,sthameskt@people.com.cn,Female,4436
751,Gino,Lorking,glorkingku@netscape.com,Male,3804
752,Vanya,Jewess,vjewesskv@narod.ru,Female,3471
753,Gardie,Bedding,gbeddingkw@senate.gov,Male,2020
754,Theodore,Widdocks,twiddockskx@unesco.org,Male,2235
755,Amy,Domb,adombky@cbsnews.com,Bigender,3183
756,Merwyn,Coulston,mcoulstonkz@indiatimes.com,Polygender,2076
757,Teddi,McLeod,tmcleodl0@elegantthemes.com,Female,3257
758,Florian,Byre,fbyrel1@harvard.edu,Genderfluid,2705
759,Leeland,Talbot,ltalbotl2@icio.us,Male,3076
760,Karlie,Stockhill,kstockhilll3@phpbb.com,Genderfluid,2315
761,Genna,Crummy,gcrummyl4@merriam-webster.com,Female,2708
762,Scottie,Wigley,swigleyl5@flavors.me,Male,3565
763,Sigismund,Ker,skerl6@wunderground.com,Male,2267
764,Jaquelin,Oscroft,joscroftl7@census.gov,Female,3983
765,Morse,Frost,mfrostl8@eventbrite.com,Male,2182
766,Jillana,Aleksahkin,jaleksahkinl9@home.pl,Female,2923
767,Winthrop,Koenraad,wkoenraadla@scientificamerican.com,Male,2237
768,Lexy,Nisbith,lnisbithlb@instagram.com,Genderqueer,2175
769,Sunny,Tedstone,stedstonelc@newyorker.com,Male,2133
770,Nara,Peaple,npeapleld@ted.com,Non-binary,2760
771,Verney,Stalf,vstalfle@go.com,Male,3125
772,Vergil,Pask,vpasklf@mediafire.com,Male,3378
773,Bondy,Germon,bgermonlg@pen.io,Male,2658
774,Zebedee,Fantone,zfantonelh@forbes.com,Male,4808
775,Alix,Lukovic,alukovicli@moonfruit.com,Male,3473
776,Ferne,Purver,fpurverlj@umich.edu,Female,2137
777,Claudetta,Bramble,cbramblelk@abc.net.au,Female,2180
778,Ann-marie,Astles,aastlesll@list-manage.com,Female,3184
779,Judon,Curnow,jcurnowlm@zdnet.com,Male,2361
780,Rosmunda,Boshere,rboshereln@businesswire.com,Female,2528
781,Verina,Colkett,vcolkettlo@foxnews.com,Female,3954
782,Ashbey,Keaveny,akeavenylp@wired.com,Male,4601
783,Bonita,Beckwith,bbeckwithlq@xing.com,Female,4336
784,Amitie,Cockshut,acockshutlr@answers.com,Genderfluid,3957
785,Kalle,Skrine,kskrinels@oakley.com,Male,2842
786,Druci,Truce,dtrucelt@list-manage.com,Female,2035
787,Joel,Pietruszka,jpietruszkalu@telegraph.co.uk,Male,4016
788,Aldrich,Oldis,aoldislv@privacy.gov.au,Male,2926
789,Louie,Shea,lshealw@ibm.com,Male,4623
790,Cully,Skarman,cskarmanlx@bravesites.com,Male,2889
791,Thaddus,Kornilov,tkornilovly@multiply.com,Agender,2516
792,Reade,Hammerstone,rhammerstonelz@mapy.cz,Male,2665
793,Shanon,Boullin,sboullinm0@smugmug.com,Female,4919
794,Jeffrey,Haggarty,jhaggartym1@yellowbook.com,Male,3757
795,Kori,O' Sullivan,kosullivanm2@unicef.org,Female,2042
796,Asher,Stennett,astennettm3@paginegialle.it,Male,2526
797,Julie,Jurisch,jjurischm4@w3.org,Female,3731
798,Jeremie,Chant,jchantm5@technorati.com,Male,2911
799,Bronny,Moat,bmoatm6@live.com,Male,2087
800,Roobbie,Willwood,rwillwoodm7@dedecms.com,Female,3494
801,Franky,Macauley,fmacauleym8@over-blog.com,Female,3158
802,Monte,Emtage,memtagem9@wikimedia.org,Male,3837
803,Westley,Bamlet,wbamletma@booking.com,Male,3431
804,Berri,Kluger,bklugermb@jiathis.com,Female,2093
805,Salem,Viegas,sviegasmc@dell.com,Non-binary,3825
806,Marylinda,Mateja,mmatejamd@amazon.co.jp,Female,4728
807,Waneta,Crowter,wcrowterme@nsw.gov.au,Female,4350
808,Emlynn,Dybell,edybellmf@smugmug.com,Female,4433
809,Aldrich,Somerbell,asomerbellmg@bigcartel.com,Male,3596
810,Penny,Tribell,ptribellmh@ustream.tv,Male,3189
811,Carny,Muncie,cmunciemi@nationalgeographic.com,Male,3526
812,Milton,Dougal,mdougalmj@spotify.com,Male,2846
813,Toddie,Baytrop,tbaytropmk@discovery.com,Male,2435
814,Noe,Dunton,nduntonml@weebly.com,Male,4423
815,Langston,Gibke,lgibkemm@geocities.jp,Male,2158
816,Frederick,Cawdron,fcawdronmn@ibm.com,Male,2448
817,Pablo,Berrisford,pberrisfordmo@w3.org,Male,3064
818,Garrott,Millmore,gmillmoremp@youtu.be,Non-binary,3070
819,Kass,Dwyer,kdwyermq@telegraph.co.uk,Female,2233
820,Julio,Eliyahu,jeliyahumr@cisco.com,Male,4756
821,Jacquie,Meech,jmeechms@xinhuanet.com,Female,4356
822,Waldemar,Pocknoll,wpocknollmt@drupal.org,Male,2253
823,Rosanne,Canto,rcantomu@sitemeter.com,Female,2712
824,Ellen,Innott,einnottmv@rambler.ru,Female,4909
825,Barbee,Keat,bkeatmw@livejournal.com,Genderqueer,4937
826,Leta,Simonard,lsimonardmx@storify.com,Bigender,4286
827,Chadwick,Dilrew,cdilrewmy@baidu.com,Male,2532
828,Vivia,Uridge,vuridgemz@tripadvisor.com,Female,3253
829,Ginevra,Dornin,gdorninn0@dmoz.org,Female,4221
830,Cesar,Patrie,cpatrien1@reuters.com,Male,3326
831,Clare,Naisbit,cnaisbitn2@printfriendly.com,Female,2106
832,Darrell,Bengough,dbengoughn3@nydailynews.com,Male,2964
833,Arlinda,Gookey,agookeyn4@sciencedaily.com,Female,3620
834,Cheryl,Cordie,ccordien5@digg.com,Female,3384
835,Lindon,Riccardo,lriccardon6@google.pl,Male,2967
836,Faustina,Broadwood,fbroadwoodn7@adobe.com,Genderqueer,3959
837,Barry,Janosevic,bjanosevicn8@cornell.edu,Female,2513
838,Ivor,Omand,iomandn9@mozilla.org,Male,4616
839,Roderich,Overland,roverlandna@hud.gov,Non-binary,3704
840,Benn,Mowat,bmowatnb@joomla.org,Male,4825
841,Derrek,Lockton,dlocktonnc@dell.com,Polygender,3870
842,Huntington,Amthor,hamthornd@newsvine.com,Male,3793
843,Pail,Franc,pfrancne@salon.com,Male,3474
844,Yuri,Nani,ynaninf@issuu.com,Genderqueer,4060
845,Freemon,Cabena,fcabenang@prweb.com,Male,4410
846,Gery,Joyner,gjoynernh@unesco.org,Bigender,4543
847,Fidel,Vouls,fvoulsni@slate.com,Male,3048
848,Oswell,Kisbey,okisbeynj@kickstarter.com,Male,4103
849,Pearl,Eggerton,peggertonnk@kickstarter.com,Female,4094
850,Vidovic,Mougenel,vmougenelnl@wunderground.com,Male,2222
851,Neddie,Oliveto,nolivetonm@wufoo.com,Male,2464
852,Tye,Buckenham,tbuckenhamnn@merriam-webster.com,Male,3571
853,Idell,Gosker,igoskerno@usa.gov,Female,4853
854,Deva,Brind,dbrindnp@harvard.edu,Non-binary,4140
855,Kirsteni,Farra,kfarranq@tripadvisor.com,Female,3276
856,Zachariah,Towse,ztowsenr@edublogs.org,Male,4748
857,Cassie,Cohani,ccohanins@rakuten.co.jp,Male,4660
858,Vicki,Cesconi,vcesconint@blogs.com,Female,2177
859,Emelia,Jollye,ejollyenu@wisc.edu,Female,2920
860,Anica,Stoyle,astoylenv@ning.com,Female,3757
861,Judy,Dracksford,jdracksfordnw@smugmug.com,Female,3843
862,Der,Wressell,dwressellnx@topsy.com,Male,4452
863,Arlie,Gregorin,agregorinny@yolasite.com,Genderqueer,2557
864,Nerty,Floweth,nflowethnz@ustream.tv,Female,4884
865,Francene,Vardy,fvardyo0@springer.com,Female,4373
866,Greta,Jerrems,gjerremso1@illinois.edu,Female,4200
867,Marin,Dugald,mdugaldo2@wp.com,Female,2196
868,Osborne,McGarva,omcgarvao3@mit.edu,Male,2917
869,Ford,Hearnshaw,fhearnshawo4@accuweather.com,Male,4992
870,Eirena,Bertelsen,ebertelseno5@ehow.com,Female,2634
871,Nelly,MacLise,nmacliseo6@ibm.com,Female,3805
872,Ebeneser,Markwick,emarkwicko7@ca.gov,Male,3244
873,Shannah,Rabbage,srabbageo8@scientificamerican.com,Female,2116
874,Andreas,Jojic,ajojico9@hugedomains.com,Male,4760
875,Sibylla,Sothcott,ssothcottoa@google.es,Female,4263
876,Jareb,Benford,jbenfordob@skyrock.com,Male,4923
877,Shannen,Melsom,smelsomoc@dmoz.org,Female,2862
878,Shandeigh,Avraam,savraamod@imdb.com,Female,2231
879,Tara,Ickovitz,tickovitzoe@tiny.cc,Female,2379
880,Dorey,Bayle,dbayleof@vkontakte.ru,Male,3545
881,Tracie,Buddell,tbuddellog@google.fr,Female,3710
882,Sondra,O' Quirk,soquirkoh@accuweather.com,Female,2142
883,Hannis,Dimsdale,hdimsdaleoi@about.com,Polygender,4610
884,Lindsey,Cordet,lcordetoj@discuz.net,Female,4521
885,Jill,Stannislawski,jstannislawskiok@fastcompany.com,Female,2355
886,Reggy,Chateau,rchateauol@cbsnews.com,Male,2803
887,Reynard,Keary,rkearyom@chicagotribune.com,Male,2344
888,Courtney,Vase,cvaseon@cpanel.net,Female,2887
889,Lemuel,Rolland,lrollandoo@ucla.edu,Male,4866
890,Kain,Hopfner,khopfnerop@ifeng.com,Male,4119
891,Kissiah,Fewings,kfewingsoq@dailymotion.com,Genderqueer,4066
892,Kristy,Swindley,kswindleyor@mlb.com,Bigender,2902
893,George,Ricciardello,gricciardelloos@digg.com,Male,3810
894,Aliza,Trevallion,atrevallionot@cargocollective.com,Female,4293
895,Ynes,Skittrall,yskittrallou@boston.com,Female,2134
896,Nicola,Rau,nrauov@themeforest.net,Male,3101
897,Simonne,Ruby,srubyow@so-net.ne.jp,Female,2679
898,Ker,Delafont,kdelafontox@etsy.com,Male,4387
899,Jozef,Oguz,joguzoy@smugmug.com,Male,2334
900,Melesa,Nice,mniceoz@ft.com,Female,2174
901,Maegan,Lackeye,mlackeyep0@linkedin.com,Female,2256
902,Sansone,Hiddy,shiddyp1@epa.gov,Genderqueer,3804
903,Orton,Studd,ostuddp2@google.com.au,Male,4266
904,Marsiella,Tripon,mtriponp3@comcast.net,Female,3172
905,Dianemarie,Heakey,dheakeyp4@nhs.uk,Female,3199
906,Barbara-anne,Tomkins,btomkinsp5@slate.com,Polygender,2606
907,Mari,Pegden,mpegdenp6@sfgate.com,Female,4853
908,Kirby,Casarino,kcasarinop7@wired.com,Genderqueer,3078
909,Balduin,Agar,bagarp8@dailymail.co.uk,Male,4888
910,Brigham,Crimes,bcrimesp9@desdev.cn,Male,3048
911,Coretta,McLice,cmclicepa@washingtonpost.com,Agender,2995
912,Kipper,Pursey,kpurseypb@i2i.jp,Male,4387
913,Antin,Lucien,alucienpc@booking.com,Male,3299
914,Ellissa,Gavagan,egavaganpd@histats.com,Female,3325
915,Lynette,Bonehill,lbonehillpe@symantec.com,Female,4393
916,Galvan,Crasswell,gcrasswellpf@goo.ne.jp,Bigender,2267
917,Britteny,Pitkethly,bpitkethlypg@bloglovin.com,Non-binary,4753
918,Gwyn,Foulsham,gfoulshamph@hhs.gov,Female,4770
919,Poul,Bonnaire,pbonnairepi@tuttocitta.it,Male,4580
920,Penelopa,Whitemarsh,pwhitemarshpj@fotki.com,Female,3616
921,Johnnie,Allnatt,jallnattpk@cnbc.com,Male,3961
922,Glynis,Reuss,greusspl@independent.co.uk,Female,4889
923,Ardyth,Nigh,anighpm@irs.gov,Female,2615
924,Zabrina,Flageul,zflageulpn@ebay.com,Genderqueer,2585
925,Lanni,Castanho,lcastanhopo@bloglines.com,Female,3439
926,Seward,Ludlom,sludlompp@lycos.com,Male,3160
927,Art,Frazier,afrazierpq@whitehouse.gov,Male,4148
928,Johnathan,Lockwood,jlockwoodpr@cam.ac.uk,Male,3888
929,Reuven,Stiffell,rstiffellps@discuz.net,Male,3379
930,Zacharias,Ubach,zubachpt@simplemachines.org,Male,3040
931,Ivette,Balnave,ibalnavepu@google.ca,Female,2737
932,Leif,Gerin,lgerinpv@google.cn,Male,2617
933,Doralyn,Burke,dburkepw@theguardian.com,Female,4495
934,Otes,Drennan,odrennanpx@list-manage.com,Male,2274
935,Hanson,Coltart,hcoltartpy@blogs.com,Male,4753
936,Saunderson,Gook,sgookpz@si.edu,Bigender,2957
937,Leda,Haslegrave,lhaslegraveq0@w3.org,Polygender,4764
938,Fanechka,Brouncker,fbrounckerq1@reverbnation.com,Female,2129
939,Bridget,Sillis,bsillisq2@mac.com,Female,3670
940,Clovis,Solano,csolanoq3@networksolutions.com,Female,2204
941,Marlow,Sotheron,msotheronq4@upenn.edu,Male,3846
942,Cece,Keeves,ckeevesq5@ibm.com,Male,2492
943,Aretha,Polycote,apolycoteq6@rediff.com,Agender,2955
944,Lark,Giacopelo,lgiacopeloq7@printfriendly.com,Female,2635
945,Clemence,Malec,cmalecq8@bravesites.com,Female,3595
946,Gawen,Bayns,gbaynsq9@tinypic.com,Male,3854
947,Tracie,Pitt,tpittqa@w3.org,Male,4567
948,Adam,Westhoff,awesthoffqb@purevolume.com,Bigender,4809
949,Salem,Burth,sburthqc@si.edu,Male,3470
950,Kingston,Hutcheon,khutcheonqd@qq.com,Male,3315
951,Beauregard,O'Leahy,boleahyqe@so-net.ne.jp,Male,3900
952,Faith,Solleme,fsollemeqf@squidoo.com,Female,2904
953,Ermina,Kimmitt,ekimmittqg@time.com,Female,3148
954,Tibold,Chatain,tchatainqh@zimbio.com,Male,2056
955,Danella,Upston,dupstonqi@statcounter.com,Genderfluid,3881
956,Zitella,Whistance,zwhistanceqj@upenn.edu,Female,2232
957,Cybil,Keesman,ckeesmanqk@arizona.edu,Female,3591
958,Mile,Beisley,mbeisleyql@dailymail.co.uk,Male,4852
959,Danell,Porch,dporchqm@eventbrite.com,Female,4410
960,Maryl,Luther,mlutherqn@edublogs.org,Female,2750
961,Gherardo,Hateley,ghateleyqo@independent.co.uk,Male,2430
962,Fidelia,Bourgeois,fbourgeoisqp@aol.com,Female,3683
963,Bessie,Adamou,badamouqq@admin.ch,Female,4652
964,Dorris,Coggill,dcoggillqr@sohu.com,Bigender,4255
965,Cornie,Pamphilon,cpamphilonqs@macromedia.com,Male,2472
966,Susy,Huffy,shuffyqt@walmart.com,Female,4463
967,Athene,Barracks,abarracksqu@xrea.com,Female,2540
968,Laure,Fonte,lfonteqv@i2i.jp,Female,4232
969,Kelsi,Averill,kaverillqw@deviantart.com,Female,2820
970,Lolita,Rheubottom,lrheubottomqx@microsoft.com,Polygender,2064
971,Wendell,Lehrer,wlehrerqy@bloglines.com,Male,3151
972,Samson,Landreth,slandrethqz@studiopress.com,Male,3731
973,Odey,Mewis,omewisr0@alexa.com,Male,4275
974,Rodd,Strettle,rstrettler1@tmall.com,Male,4996
975,Darrin,Gheeraert,dgheeraertr2@admin.ch,Male,4589
976,Frederica,Sarton,fsartonr3@aboutads.info,Female,4006
977,Belva,Killeley,bkilleleyr4@nasa.gov,Female,2837
978,Fayth,Splevings,fsplevingsr5@google.nl,Female,4490
979,Nicolais,Victory,nvictoryr6@angelfire.com,Genderfluid,3649
980,Othella,Sallarie,osallarier7@eepurl.com,Female,4190
981,Helge,Mawby,hmawbyr8@state.tx.us,Female,3674
982,Concordia,Battisson,cbattissonr9@sohu.com,Female,2693
983,Sibylle,Towl,stowlra@fotki.com,Female,3352
984,Hube,Adams,hadamsrb@nyu.edu,Male,2553
985,Jolyn,Esherwood,jesherwoodrc@histats.com,Female,2548
986,Otha,Mesant,omesantrd@tuttocitta.it,Bigender,3444
987,Yehudit,Bletcher,ybletcherre@virginia.edu,Male,2621
988,Lilah,Roach,lroachrf@ocn.ne.jp,Female,4621
989,Mohammed,Hathwood,mhathwoodrg@fastcompany.com,Male,4022
990,Terese,Botte,tbotterh@woothemes.com,Female,2253
991,Ryan,Shermore,rshermoreri@wikia.com,Male,2637
992,Garrick,Bottini,gbottinirj@springer.com,Agender,4513
993,Zarla,Cowern,zcowernrk@liveinternet.ru,Female,2052
994,Kellina,Jagiello,kjagiellorl@shinystat.com,Female,3085
995,Jeannine,O'Clery,jocleryrm@boston.com,Female,2672
996,Hanson,Plewright,hplewrightrn@mail.ru,Male,3827
997,Sibby,Curzey,scurzeyro@free.fr,Female,3428
998,Pren,Amer,pamerrp@engadget.com,Male,2596
999,Ingrim,Roja,irojarq@webs.com,Male,3729
1000,Cymbre,Rose,croserr@booking.com,Female,2818
